{"replica_1_stage_2_mfu_min": 0, "replica_1_stage_2_mfu_max": 41.60609335008679, "replica_1_stage_2_mfu_weighted_mean": 0.7380764938302443}