{"replica_1_stage_1_mfu_min": 0, "replica_1_stage_1_mfu_max": 41.60609335008679, "replica_1_stage_1_mfu_weighted_mean": 0.7280884798820427}