{"replica_1_stage_3_mfu_min": 0, "replica_1_stage_3_mfu_max": 41.92726336216372, "replica_1_stage_3_mfu_weighted_mean": 0.7483475597766379}