{"replica_1_memory_usage_min": 0, "replica_1_memory_usage_max": 2.9411764705882355, "replica_1_memory_usage_weighted_mean": 2.911911033069948}