{"replica_1_stage_1_mfu_min": 0, "replica_1_stage_1_mfu_max": 41.92726336216372, "replica_1_stage_1_mfu_weighted_mean": 1.4747293626173914}