{"replica_1_stage_2_mfu_min": 0, "replica_1_stage_2_mfu_max": 41.766060937044315, "replica_1_stage_2_mfu_weighted_mean": 1.435539497059187}