{"replica_1_stage_3_mfu_min": 0, "replica_1_stage_3_mfu_max": 66.22810640339806, "replica_1_stage_3_mfu_weighted_mean": 0.9169773827611929}