{"replica_1_stage_1_mfu_min": 0, "replica_1_stage_1_mfu_max": 66.22810640339806, "replica_1_stage_1_mfu_weighted_mean": 0.8978518018834466}