{"replica_1_stage_5_mfu_min": 0, "replica_1_stage_5_mfu_max": 66.22810640339806, "replica_1_stage_5_mfu_weighted_mean": 0.8885851031747205}