{"replica_1_memory_usage_min": 0, "replica_1_memory_usage_max": 1.6666666666666667, "replica_1_memory_usage_weighted_mean": 1.6500829187396366}