{"replica_1_stage_4_mfu_min": 0, "replica_1_stage_4_mfu_max": 66.32124234514389, "replica_1_stage_4_mfu_weighted_mean": 0.926849542910735}