Model,Task,Time,Num-GPUs
llama-2-70b,MLP,151.31698513031006,8
llama-2-70b,ATTN,277.4749219417572,8
llama-2-7b,MLP,108.30776190757751,8
llama-2-7b,ATTN,308.0872392654419,8
ALL,ALL_REDUCE,504.2474031448364,8
ALL,SEND_RECV,154.41955637931824,2
