{"replica_1_stage_2_mfu_min": 0, "replica_1_stage_2_mfu_max": 55.89735579965488, "replica_1_stage_2_mfu_weighted_mean": 1.943168558830563}