{"replica_1_stage_1_mfu_min": 0, "replica_1_stage_1_mfu_max": 55.950419573132194, "replica_1_stage_1_mfu_weighted_mean": 1.9969706316328075}