{"replica_1_memory_usage_min": 0, "replica_1_memory_usage_max": 3.8461538461538463, "replica_1_memory_usage_weighted_mean": 3.8078836586299216}