{"replica_1_memory_usage_min": 0, "replica_1_memory_usage_max": 1.3513513513513513, "replica_1_memory_usage_weighted_mean": 1.3379050692483554}