{"replica_1_stage_1_mfu_min": 0, "replica_1_stage_1_mfu_max": 26.91296627455348, "replica_1_stage_1_mfu_weighted_mean": 1.9790306800958264}