{"replica_1_memory_usage_min": 0, "replica_1_memory_usage_max": 0.6369426751592356, "replica_1_memory_usage_weighted_mean": 0.6306049370979478}