{"replica_1_stage_1_mfu_min": 0, "replica_1_stage_1_mfu_max": 20.40775243770919, "replica_1_stage_1_mfu_weighted_mean": 2.3909925698909147}