{"replica_1_stage_1_mfu_min": 0, "replica_1_stage_1_mfu_max": 55.89305016934994, "replica_1_stage_1_mfu_weighted_mean": 1.0527296682959306}