{"replica_1_stage_4_mfu_min": 0, "replica_1_stage_4_mfu_max": 55.89305016934994, "replica_1_stage_4_mfu_weighted_mean": 1.037417998602351}