{"replica_1_stage_3_mfu_min": 0, "replica_1_stage_3_mfu_max": 56.182123145995625, "replica_1_stage_3_mfu_weighted_mean": 1.0847556676565522}