{"replica_1_stage_2_mfu_min": 0, "replica_1_stage_2_mfu_max": 55.89305016934994, "replica_1_stage_2_mfu_weighted_mean": 1.068500091099973}