{"replica_1_memory_usage_min": 0, "replica_1_memory_usage_max": 1.3888888888888888, "replica_1_memory_usage_weighted_mean": 1.3750690989496952}