{"replica_1_stage_7_mfu_min": 0, "replica_1_stage_7_mfu_max": 66.3212423451439, "replica_1_stage_7_mfu_weighted_mean": 0.5819633216504619}