{"replica_1_stage_6_mfu_min": 0, "replica_1_stage_6_mfu_max": 66.17235029319114, "replica_1_stage_6_mfu_weighted_mean": 0.578051849626267}