{"replica_1_memory_usage_min": 0, "replica_1_memory_usage_max": 0.6578947368421053, "replica_1_memory_usage_weighted_mean": 0.6513485205551209}