{"replica_1_memory_usage_min": 0, "replica_1_memory_usage_max": 7.142857142857143, "replica_1_memory_usage_weighted_mean": 7.071783937455563}