{"replica_1_stage_1_mfu_min": 0, "replica_1_stage_1_mfu_max": 56.182123145995625, "replica_1_stage_1_mfu_weighted_mean": 4.127252189189941}