{"replica_1_stage_2_mfu_min": 0, "replica_1_stage_2_mfu_max": 44.54544652424339, "replica_1_stage_2_mfu_weighted_mean": 1.621215614872276}