{"replica_1_stage_1_mfu_min": 0, "replica_1_stage_1_mfu_max": 10.704831152275423, "replica_1_stage_1_mfu_weighted_mean": 0.8824349511460947}