{"replica_1_memory_usage_min": 0, "replica_1_memory_usage_max": 0.6451612903225806, "replica_1_memory_usage_weighted_mean": 0.6387417749959865}