{"replica_1_stage_2_mfu_min": 0, "replica_1_stage_2_mfu_max": 26.780270206544504, "replica_1_stage_2_mfu_weighted_mean": 0.9931270110644291}