{"replica_1_memory_usage_min": 0, "replica_1_memory_usage_max": 0.6493506493506493, "replica_1_memory_usage_weighted_mean": 0.6428894488595996}