{"replica_1_stage_2_mfu_min": 0, "replica_1_stage_2_mfu_max": 56.037213857955614, "replica_1_stage_2_mfu_weighted_mean": 2.0722402289108484}