{"replica_1_stage_1_mfu_min": 0, "replica_1_stage_1_mfu_max": 44.612869167320014, "replica_1_stage_1_mfu_weighted_mean": 3.227806737324222}