{"replica_1_memory_usage_min": 0, "replica_1_memory_usage_max": 3.7037037037037037, "replica_1_memory_usage_weighted_mean": 3.6668509305325165}