{"replica_1_stage_5_mfu_min": 0, "replica_1_stage_5_mfu_max": 55.60693669034428, "replica_1_stage_5_mfu_weighted_mean": 0.5378091350623881}