{"replica_1_stage_7_mfu_min": 0, "replica_1_stage_7_mfu_max": 56.182123145995625, "replica_1_stage_7_mfu_weighted_mean": 0.5460936907211777}