{"replica_1_stage_4_mfu_min": 0, "replica_1_stage_4_mfu_max": 55.60693669034428, "replica_1_stage_4_mfu_weighted_mean": 0.5337617331350334}