{"replica_1_stage_8_mfu_min": 0, "replica_1_stage_8_mfu_max": 55.60693669034428, "replica_1_stage_8_mfu_weighted_mean": 0.5181635153006019}