{"replica_1_stage_1_mfu_min": 0, "replica_1_stage_1_mfu_max": 66.24671265911012, "replica_1_stage_1_mfu_weighted_mean": 1.1247796616992356}