{"replica_1_stage_4_mfu_min": 0, "replica_1_stage_4_mfu_max": 66.24671265911012, "replica_1_stage_4_mfu_weighted_mean": 1.1102792270481643}