{"replica_1_memory_usage_min": 0, "replica_1_memory_usage_max": 4.166666666666667, "replica_1_memory_usage_weighted_mean": 4.125207296849078}