{"replica_1_stage_2_mfu_min": 0, "replica_1_stage_2_mfu_max": 66.24671265911012, "replica_1_stage_2_mfu_weighted_mean": 1.139663864692108}