{"replica_1_stage_3_mfu_min": 0, "replica_1_stage_3_mfu_max": 66.3212423451439, "replica_1_stage_3_mfu_weighted_mean": 1.1549479311809294}