{"replica_1_stage_4_mfu_min": 0, "replica_1_stage_4_mfu_max": 55.84439258292466, "replica_1_stage_4_mfu_weighted_mean": 0.973656561072382}