{"replica_1_stage_3_mfu_min": 0, "replica_1_stage_3_mfu_max": 55.950419573132194, "replica_1_stage_3_mfu_weighted_mean": 1.0147987577736632}