{"replica_1_stage_1_mfu_min": 0, "replica_1_stage_1_mfu_max": 55.84439258292466, "replica_1_stage_1_mfu_weighted_mean": 0.9869945615140325}