{"replica_1_memory_usage_min": 0, "replica_1_memory_usage_max": 0.6410256410256411, "replica_1_memory_usage_weighted_mean": 0.6346472764383188}