{"replica_1_stage_2_mfu_min": 0, "replica_1_stage_2_mfu_max": 55.84439258292466, "replica_1_stage_2_mfu_weighted_mean": 1.0007030687084935}